provider_name,total_patients,avg_length_of_stay,avg_satisfaction,avg_cost,contact_count,deals_value,opportunity_value,marketing_cost,pipeline_stage,total_visits,total_claim_amount,total_claim_paid,denial_rate,roi,value_per_patient,claim_collection_rate,predicted_opportunity_value
Dr. Brown,252,7.345238095238095,79.42547410872754,20387.52013402027,59,383707,358683,14895,Negotiation,554,9720099.786479788,7802603.591974507,0.11371841155234658,24.760792212151728,1522.6468253968253,0.8027287541664511,472477.93368955236
Dr. Davis,247,7.425101214574899,80.28220665717201,19001.39670850272,18,231164,393150,11428,Proposal,471,8114559.64523314,6513301.7292283615,0.09766454352441614,19.227861393069652,935.8866396761133,0.8026685382803945,451506.407198134
Dr. Garcia,243,7.473251028806584,79.59903287721134,20416.267906666773,62,320311,378777,28678,Prospecting,496,8855357.153485144,7091900.104551927,0.08064516129032258,10.169223795243742,1318.1522633744855,0.8008598616218224,378777.0000000001
Dr. Johnson,250,7.088,80.27396292002763,20373.39580488384,59,484364,377575,10531,Negotiation,502,8513390.411791455,6788996.041771734,0.11354581673306773,44.99411261988415,1937.456,0.7974491610732016,377574.9999999998
Dr. Jones,253,7.33201581027668,79.80866635003368,20625.062256017674,20,216519,114804,37205,Negotiation,471,8308328.471588615,6674800.003810636,0.07430997876857749,4.819621018680285,855.8063241106719,0.8033866290477034,114803.99999999994
Dr. Miller,259,7.285714285714286,81.10379622892907,20655.85471178395,12,163748,205791,30647,Closed Lost,485,8503528.314774184,6771077.050187756,0.10309278350515463,4.343035207361242,632.2316602316603,0.7962667729845228,113813.97354939068
Dr. Smith,257,7.439688715953308,79.81299923733985,20135.653527731312,36,475668,383295,55443,Closed Won,495,8582539.552921671,6911121.113980304,0.08686868686868687,7.579405876305395,1850.8482490272374,0.8052536281790414,383295.0
Dr. Williams,239,6.828451882845188,79.83107056179352,20359.398305025064,12,388568,188152,25231,Closed Lost,510,8974456.298849083,7150957.086966959,0.12549019607843137,14.400420118108675,1625.807531380753,0.7968122913344649,188152.00000000012
